loss,sparse_categorical_accuracy,val_loss,val_sparse_categorical_accuracy
0.9321867227554321,0.5555555820465088,1.109505534172058,0.3333333432674408
0.6558745503425598,0.7475489974021912,3.1163203716278076,0.3333333432674408
0.5414535999298096,0.7908496856689453,1.925156593322754,0.3333333432674408
0.47031617164611816,0.8161764740943909,6.8796515464782715,0.3333333432674408
0.38783499598503113,0.8464052081108093,10.854537963867188,0.3333333432674408
0.34089887142181396,0.875,14.604887962341309,0.3333333432674408
