loss,sparse_categorical_accuracy,val_loss,val_sparse_categorical_accuracy
2.159641742706299,0.5220588445663452,0.9004676342010498,0.5751634240150452
0.8257387280464172,0.7655228972434998,2.175297498703003,0.47385621070861816
0.41768577694892883,0.8537581562995911,3.1033735275268555,0.5098039507865906
0.19613802433013916,0.9330065250396729,3.032895565032959,0.5065359473228455
0.1491605043411255,0.9542483687400818,3.182511568069458,0.516339898109436
0.08467237651348114,0.9787581562995911,2.733057737350464,0.5490196347236633
