loss,sparse_categorical_accuracy,val_loss,val_sparse_categorical_accuracy
1.4393401145935059,0.6478758454322815,1.0794976949691772,0.5228758454322815
0.5047544836997986,0.845588207244873,4.369966506958008,0.33986929059028625
0.23388080298900604,0.9207516312599182,8.363375663757324,0.3333333432674408
0.13689814507961273,0.9534313678741455,12.985485076904297,0.3333333432674408
0.09731681644916534,0.9689542651176453,12.116433143615723,0.3333333432674408
0.05951135233044624,0.9754902124404907,9.058914184570312,0.343137264251709
