loss,sparse_categorical_accuracy,val_loss,val_sparse_categorical_accuracy
1.470773696899414,0.6388888955116272,0.8076615929603577,0.6405228972434998
0.6983361840248108,0.7908496856689453,0.5303460359573364,0.7810457348823547
0.25981420278549194,0.8848039507865906,0.7094696760177612,0.7614378929138184
0.1759202629327774,0.9346405267715454,0.6187170147895813,0.7843137383460999
0.13156752288341522,0.9509803652763367,0.5499635338783264,0.813725471496582
0.08302780985832214,0.9738562107086182,0.656200647354126,0.826797366142273
0.04252541437745094,0.9852941036224365,0.6910033822059631,0.8333333134651184
