loss,sparse_categorical_accuracy,val_loss,val_sparse_categorical_accuracy
1.2725945711135864,0.6919934749603271,0.5942367315292358,0.7222222089767456
0.33483409881591797,0.8799019455909729,2.6720807552337646,0.42810457944869995
0.21223850548267365,0.9272875785827637,5.744760513305664,0.38235294818878174
0.12980377674102783,0.9566993713378906,5.80753231048584,0.4084967374801636
0.10657817870378494,0.9591503143310547,4.796624660491943,0.5
0.06574291735887527,0.9738562107086182,4.021461486816406,0.529411792755127
