loss,sparse_categorical_accuracy,val_loss,val_sparse_categorical_accuracy
1.4628839492797852,0.6143791079521179,0.9390544295310974,0.6143791079521179
0.4504040479660034,0.875,5.250740051269531,0.5980392098426819
0.14681223034858704,0.9452614188194275,7.375815391540527,0.6045751571655273
0.06907244771718979,0.9754902124404907,8.061955451965332,0.6372548937797546
0.05411040782928467,0.9779411554336548,8.176559448242188,0.6307189464569092
0.06597921997308731,0.9803921580314636,7.913618087768555,0.6307189464569092
