loss,sparse_categorical_accuracy,val_loss,val_sparse_categorical_accuracy
1.2582975625991821,0.6691176295280457,0.7017892003059387,0.7156862616539001
0.44019263982772827,0.8684640526771545,5.3077216148376465,0.3366013169288635
0.19659101963043213,0.9297385811805725,8.227005958557129,0.3333333432674408
0.08853472769260406,0.9722222089767456,7.840775012969971,0.3366013169288635
0.054770328104496,0.9795751571655273,6.8630266189575195,0.3758170008659363
0.06075381487607956,0.9787581562995911,3.8884129524230957,0.5032680034637451
