loss,sparse_categorical_accuracy,val_loss,val_sparse_categorical_accuracy
1.5778769254684448,0.6045751571655273,1.121598243713379,0.4901960790157318
0.44316110014915466,0.8447712659835815,3.8805904388427734,0.343137264251709
0.2818510830402374,0.904411792755127,5.982880115509033,0.3333333432674408
0.15615025162696838,0.9460784196853638,6.701699256896973,0.3464052379131317
0.09532823413610458,0.9648692607879639,6.31472110748291,0.35947713255882263
0.07910295575857162,0.970588207244873,4.191080570220947,0.4248366057872772
