loss,sparse_categorical_accuracy,val_loss,val_sparse_categorical_accuracy
1.580859661102295,0.648692786693573,0.9353498220443726,0.5522875785827637
0.5356906652450562,0.8325163125991821,7.794715881347656,0.3333333432674408
0.24510525166988373,0.9093137383460999,11.466221809387207,0.3333333432674408
0.13675782084465027,0.9468954205513,12.652502059936523,0.3333333432674408
0.10358910262584686,0.9648692607879639,12.121160507202148,0.3333333432674408
0.08888009190559387,0.9697712659835815,11.194713592529297,0.33986929059028625
