loss,sparse_categorical_accuracy,val_loss,val_sparse_categorical_accuracy
0.9874734282493591,0.523692786693573,1.4065697193145752,0.3333333432674408
0.7824054956436157,0.6666666865348816,1.70824134349823,0.3333333432674408
0.6551344394683838,0.7401960492134094,2.2801153659820557,0.3333333432674408
0.5670717358589172,0.7745097875595093,1.711105227470398,0.3333333432674408
0.4772935211658478,0.8145424723625183,2.367816686630249,0.3333333432674408
0.41677722334861755,0.8602941036224365,3.1082763671875,0.33006536960601807
