loss,sparse_categorical_accuracy,val_loss,val_sparse_categorical_accuracy
0.8595719933509827,0.5898692607879639,1.098169207572937,0.3333333432674408
0.5656007528305054,0.7859477400779724,1.218648910522461,0.3333333432674408
0.41714364290237427,0.8464052081108093,1.1183393001556396,0.3333333432674408
0.3695370852947235,0.8766340017318726,1.1217368841171265,0.3333333432674408
0.2823001742362976,0.9011437892913818,1.458107352256775,0.3333333432674408
0.2477332502603531,0.9199346303939819,1.26057767868042,0.3333333432674408
