loss,sparse_categorical_accuracy,val_loss,val_sparse_categorical_accuracy
2.0178792476654053,0.5285947918891907,0.7634009122848511,0.6797385811805725
0.715160071849823,0.7524510025978088,0.8554819226264954,0.6764705777168274
0.3805767595767975,0.8529411554336548,1.4390226602554321,0.5980392098426819
0.28166481852531433,0.9052287340164185,2.218639612197876,0.5326797366142273
0.19000957906246185,0.9313725233078003,2.354973077774048,0.5424836874008179
0.1268761307001114,0.9550653696060181,2.175166130065918,0.5686274766921997
