loss,sparse_categorical_accuracy,val_loss,val_sparse_categorical_accuracy
0.9738180041313171,0.5245097875595093,1.1958218812942505,0.3333333432674408
0.8282011151313782,0.6356208920478821,1.2629454135894775,0.3333333432674408
0.740378201007843,0.6854575276374817,1.143465518951416,0.3333333432674408
0.6898654103279114,0.6944444179534912,1.2833999395370483,0.3333333432674408
0.6545056700706482,0.7140522599220276,1.4563336372375488,0.3333333432674408
0.6322961449623108,0.7287581562995911,1.4063891172409058,0.3366013169288635
0.5889636278152466,0.75,1.376311182975769,0.3333333432674408
0.5404946804046631,0.7826797366142273,1.4370388984680176,0.3366013169288635
