loss,sparse_categorical_accuracy,val_loss,val_sparse_categorical_accuracy
1.3166301250457764,0.6593137383460999,0.8303361535072327,0.5980392098426819
0.37701958417892456,0.8676470518112183,2.691149950027466,0.44771242141723633
0.20658022165298462,0.9264705777168274,5.16221284866333,0.4673202633857727
0.1087682768702507,0.9648692607879639,5.854056358337402,0.46405228972435
0.07948007434606552,0.9738562107086182,7.031363487243652,0.48366013169288635
0.0850120484828949,0.9689542651176453,6.542452335357666,0.516339898109436
