loss,sparse_categorical_accuracy,val_loss,val_sparse_categorical_accuracy
1.8121811151504517,0.5465686321258545,0.8820942640304565,0.5882353186607361
0.523026168346405,0.7949346303939819,4.59366512298584,0.38562092185020447
0.2680060863494873,0.9019607901573181,8.649123191833496,0.33986929059028625
0.15774478018283844,0.9411764740943909,11.407273292541504,0.3333333432674408
0.10199945420026779,0.9648692607879639,10.916939735412598,0.33986929059028625
0.09044923633337021,0.9689542651176453,9.641746520996094,0.34967321157455444
