loss,sparse_categorical_accuracy,val_loss,val_sparse_categorical_accuracy
1.0917503833770752,0.36764705181121826,1.1123489141464233,0.3333333432674408
1.020193099975586,0.4812091588973999,1.5942072868347168,0.3333333432674408
0.8558090329170227,0.6429738402366638,3.842060089111328,0.3333333432674408
0.721829354763031,0.7034313678741455,4.899257659912109,0.3333333432674408
0.6439984440803528,0.7459150552749634,3.7853755950927734,0.3333333432674408
0.5909578800201416,0.7712418437004089,3.13107967376709,0.3333333432674408
