loss,sparse_categorical_accuracy,val_loss,val_sparse_categorical_accuracy
1.107559084892273,0.35023772716522217,1.0987285375595093,0.33544304966926575
1.0682992935180664,0.43423137068748474,1.1054117679595947,0.33544304966926575
0.9613782167434692,0.5625990629196167,1.1919548511505127,0.33544304966926575
0.8285879492759705,0.6545166373252869,1.4775186777114868,0.33544304966926575
0.7045064568519592,0.7083993554115295,1.7601069211959839,0.33544304966926575
0.643567681312561,0.746434211730957,2.057393789291382,0.33544304966926575
