loss,sparse_categorical_accuracy,val_loss,val_sparse_categorical_accuracy
1.3679558038711548,0.6666666865348816,1.6113718748092651,0.37254902720451355
0.39587655663490295,0.8627451062202454,9.005322456359863,0.3333333432674408
0.16588044166564941,0.9411764740943909,13.400304794311523,0.3333333432674408
0.09884294867515564,0.9558823704719543,14.87878131866455,0.3333333432674408
0.07171259075403214,0.9746732115745544,14.76722526550293,0.3333333432674408
0.0449824221432209,0.9844771027565002,14.314685821533203,0.3333333432674408
