loss,sparse_categorical_accuracy,val_loss,val_sparse_categorical_accuracy
1.3177642822265625,0.6348039507865906,0.771365761756897,0.6895424723625183
0.352988064289093,0.8774510025978088,2.3257079124450684,0.4313725531101227
0.21977101266384125,0.9248365759849548,4.023212432861328,0.3692810535430908
0.11921634525060654,0.959967315196991,4.996572017669678,0.35947713255882263
0.05619630590081215,0.9812091588973999,4.3034443855285645,0.4313725531101227
0.04167398810386658,0.9869281053543091,3.628242015838623,0.5326797366142273
